{
  "Get_product" : {
    "transaction" : "Get_product",
    "sampleCount" : 72,
    "errorCount" : 0,
    "errorPct" : 0.0,
    "meanResTime" : 474.23611111111126,
    "medianResTime" : 240.0,
    "minResTime" : 231.0,
    "maxResTime" : 3001.0,
    "pct1ResTime" : 1291.7000000000014,
    "pct2ResTime" : 2555.5999999999985,
    "pct3ResTime" : 3001.0,
    "throughput" : 5.1340650381433754E-5,
    "receivedKBytesPerSec" : 0.0022762609351975427,
    "sentKBytesPerSec" : 6.166894528238626E-6
  },
  "Add_products" : {
    "transaction" : "Add_products",
    "sampleCount" : 72,
    "errorCount" : 0,
    "errorPct" : 0.0,
    "meanResTime" : 246.31944444444449,
    "medianResTime" : 230.5,
    "minResTime" : 223.0,
    "maxResTime" : 417.0,
    "pct1ResTime" : 330.80000000000007,
    "pct2ResTime" : 392.6999999999999,
    "pct3ResTime" : 417.0,
    "throughput" : 5.134065166275578E-5,
    "receivedKBytesPerSec" : 5.80089198962973E-5,
    "sentKBytesPerSec" : 1.0528844579276089E-5
  },
  "Update_products" : {
    "transaction" : "Update_products",
    "sampleCount" : 24,
    "errorCount" : 0,
    "errorPct" : 0.0,
    "meanResTime" : 246.04166666666669,
    "medianResTime" : 232.0,
    "minResTime" : 224.0,
    "maxResTime" : 362.0,
    "pct1ResTime" : 297.5,
    "pct2ResTime" : 348.5,
    "pct3ResTime" : 362.0,
    "throughput" : 1.711356737009504E-5,
    "receivedKBytesPerSec" : 2.78847530830113E-5,
    "sentKBytesPerSec" : 3.5597557127248472E-6
  },
  "Total" : {
    "transaction" : "Total",
    "sampleCount" : 288,
    "errorCount" : 0,
    "errorPct" : 0.0,
    "meanResTime" : 351.6215277777779,
    "medianResTime" : 233.0,
    "minResTime" : 223.0,
    "maxResTime" : 3001.0,
    "pct1ResTime" : 418.3000000000003,
    "pct2ResTime" : 1141.1,
    "pct3ResTime" : 2765.8200000000024,
    "throughput" : 2.0536235990530099E-4,
    "receivedKBytesPerSec" : 0.0032034695348557877,
    "sentKBytesPerSec" : 3.309061463317838E-5
  },
  "Get_token" : {
    "transaction" : "Get_token",
    "sampleCount" : 24,
    "errorCount" : 0,
    "errorPct" : 0.0,
    "meanResTime" : 305.37499999999994,
    "medianResTime" : 231.0,
    "minResTime" : 225.0,
    "maxResTime" : 1055.0,
    "pct1ResTime" : 703.0,
    "pct2ResTime" : 1054.75,
    "pct3ResTime" : 1055.0,
    "throughput" : 1.7113568126686727E-5,
    "receivedKBytesPerSec" : 4.986165088473617E-5,
    "sentKBytesPerSec" : 3.960855123071049E-6
  },
  "Get_user" : {
    "transaction" : "Get_user",
    "sampleCount" : 24,
    "errorCount" : 0,
    "errorPct" : 0.0,
    "meanResTime" : 769.1666666666666,
    "medianResTime" : 768.5,
    "minResTime" : 233.0,
    "maxResTime" : 1793.0,
    "pct1ResTime" : 1287.0,
    "pct2ResTime" : 1666.5,
    "pct3ResTime" : 1793.0,
    "throughput" : 1.7113562037345856E-5,
    "receivedKBytesPerSec" : 7.180175447368067E-4,
    "sentKBytesPerSec" : 2.0054955512514677E-6
  },
  "Get_product_category" : {
    "transaction" : "Get_product_category",
    "sampleCount" : 72,
    "errorCount" : 0,
    "errorPct" : 0.0,
    "meanResTime" : 245.7361111111111,
    "medianResTime" : 231.0,
    "minResTime" : 225.0,
    "maxResTime" : 442.0,
    "pct1ResTime" : 301.8,
    "pct2ResTime" : 368.94999999999993,
    "pct3ResTime" : 442.0,
    "throughput" : 5.134065191902019E-5,
    "receivedKBytesPerSec" : 7.344008401133282E-5,
    "sentKBytesPerSec" : 6.868817688384538E-6
  }
}